Starting lab environment…,Uruchamianie środowiska laboratoryjnego…,
Please wait. The system will open automatically.,Proszę czekać. System otworzy się automatycznie.,
Allow opening new windows,Zezwól na otwieranie nowych okien,
"This lab requires opening 2 browser windows: one for the lab system and one for the instructions panel. Please allow pop-ups for this site if your browser asks.","To laboratorium wymaga otwarcia 2 okien przeglądarki: jednego dla systemu laboratoryjnego i jednego dla panelu instrukcji. Zezwól na wyskakujące okienka dla tej strony, jeśli przeglądarka zapyta.",
Pop-ups are blocked by your browser. Please allow pop-ups for this site in your browser settings and try again.,Wyskakujące okienka są zablokowane przez przeglądarkę. Zezwól na nie w ustawieniach przeglądarki i spróbuj ponownie.,
Cancel,Anuluj,
Allow & Start Lab,Zezwól i uruchom lab,
Interactive Lab,Interaktywne laboratorium,
"This lesson includes an interactive lab. You will work in a live Frappe/ERPNext environment and your work will be automatically evaluated.","Ta lekcja zawiera interaktywne laboratorium. Będziesz pracować w środowisku Frappe/ERPNext, a Twoja praca zostanie automatycznie oceniona.",
Start Lab,Uruchom lab,
Retry Lab,Ponów lab,
Setting up your lab environment…,Przygotowywanie środowiska laboratoryjnego…,
This may take up to 30 seconds.,To może potrwać do 30 sekund.,
Failed to start lab,Nie udało się uruchomić laboratorium,
Retry,Spróbuj ponownie,
Lab Passed!,Laboratorium zaliczone!,
Lab Failed,Laboratorium niezaliczone,
Required: ,Wymagane: ,
Close,Zamknij,
Instructions,Instrukcje,
Resources,Zasoby,
Help,Pomoc,
Progress,Postęp,
done,ukończono,
User,Użytkownik,
Pass,Hasło,
Reopen system,Otwórz ponownie,
Open lab system,Otwórz system laboratoryjny,
Open pre-filled form,Otwórz wypełniony formularz,
Complete Lab,Zakończ lab,
End Lab,Zakończ lab,
Evaluating…,Ocenianie…,
Closing…,Zamykanie…,
"Copied — paste into the active field (Ctrl+V)","Skopiowano — wklej do aktywnego pola (Ctrl+V)",
Copied!,Skopiowano!,
Copy failed,Błąd kopiowania,
Pop-up blocked — allow pop-ups for this site in your browser settings.,Wyskakujące okienka są zablokowane — zezwól na nie dla tej strony w ustawieniach przeglądarki.,
Session expired. Evaluating and cleaning up…,Sesja wygasła. Ocenianie i czyszczenie…,
Evaluation error: ,Błąd oceniania: ,
No additional resources for this lab.,Brak dodatkowych zasobów dla tego laboratorium.,
Contact your instructor for assistance.,Skontaktuj się z instruktorem w celu uzyskania pomocy.,
0 = unlimited,0 = bez limitu,
About,O nas,
About this course,O kursie,
Access courses join batches and track learning progress,Przeglądaj kursy dołączaj do grup i śledź postępy,
Account ID,ID konta,
Account Name,Nazwa konta,
Achievements,Osiągnięcia,
Activate this Google Meet account for scheduling meetings.,Aktywuj to konto Google Meet do planowania spotkań.,
Activate this Zoom account for scheduling meetings.,Aktywuj to konto Zoom do planowania spotkań.,
Active,Aktywny,
Active Members,Aktywni uczestnicy,
activities,aktywności,
activity,aktywność,
Add,Dodaj,
Add a chapter,Dodaj rozdział,
Add a course to the batch,Dodaj kurs do grupy,
Add a lesson,Dodaj lekcję,
Add an assessment,Dodaj ocenę,
Add an assignment to your lesson,Dodaj zadanie do lekcji,
Add a program,Dodaj program,
Add a programming exercise to your lesson,Dodaj ćwiczenie programistyczne do lekcji,
Add a quiz to your lesson,Dodaj quiz do lekcji,
Add a remote Frappe/ERPNext system to get started.,Dodaj zdalny system Frappe/ERPNext aby rozpocząć.,
Add Chapter,Dodaj rozdział,
Add courses to your batch,Dodaj kursy do grupy,
Add Course to Program,Dodaj kurs do programu,
Add Criterion,Dodaj kryterium,
Add Lesson,Dodaj lekcję,
Add New Member,Dodaj nowego uczestnika,
Add new question,Dodaj nowe pytanie,
Add one to get started.,Dodaj jeden aby rozpocząć.,
Add Question,Dodaj pytanie,
Add quiz to this video,Dodaj quiz do tego wideo,
Add Quiz to Video,Dodaj quiz do wideo,
Address,Adres,
Address Line 1,Adres (linia 1),
Address Line 2,Adres (linia 2),
Add Role,Dodaj rolę,
Add Row,Dodaj wiersz,
Add Slot,Dodaj slot,
Add Step,Dodaj krok,
Add students to your batch,Dodaj studentów do grupy,
Add tag,Dodaj tag,
Add Test Case,Dodaj przypadek testowy,
Add to Notes,Dodaj do notatek,
Add web page to sidebar,Dodaj stronę do paska bocznego,
Add your first chapter,Dodaj swój pierwszy rozdział,
Add your first lesson,Dodaj swoją pierwszą lekcję,
Admin API Key,Klucz API administratora,
Admin API Secret,Sekret API administratora,
All,Wszystkie,
All Batches,Wszystkie grupy,
All Courses,Wszystkie kursy,
Allow Self Enrollment,Zezwól na samodzielne zapisanie,
Allow this badge to be awarded to learners.,Zezwól na przyznawanie tej odznaki uczącym się.,
Allow this coupon to be used for discounts.,Zezwól na używanie tego kuponu do zniżek.,
Allow users to enroll in this batch on their own.,Zezwól użytkownikom na samodzielne zapisanie do tej grupy.,
Allow users to view their past quiz attempts.,Zezwól użytkownikom na przeglądanie poprzednich podejść do quizu.,
All Programs,Wszystkie programy,
Also teaching,Również uczy,
Amount,Kwota,
Amount with GST,Kwota z VAT,
and,i,
and then 'Add to Home Screen',a następnie „Dodaj do ekranu głównego",
Announcement,Ogłoszenie,
Announcement has been sent successfully,Ogłoszenie zostało wysłane pomyślnie,
Announcement is required,Ogłoszenie jest wymagane,
Announcements,Ogłoszenia,
Answer,Odpowiedź,
Applicable For,Dotyczy,
applicant,kandydat,
applicants,kandydaci,
Application,Aplikacja,
Applications,Aplikacje,
Applied On,Zgłoszono,
Apply,Zastosuj,
Apply for this job,Aplikuj na to stanowisko,
Apps,Aplikacje,
Archived,Zarchiwizowane,
Are you sure you want to enroll?,Czy na pewno chcesz się zapisać?,
Are you sure you want to submit the quiz?,Czy na pewno chcesz przesłać quiz?,
A short summary of the course for search results.,Krótkie podsumowanie kursu dla wyników wyszukiwania.,
Ask a question to get help from the community.,Zadaj pytanie aby uzyskać pomoc od społeczności.,
Assessment,Ocena,
Assessment added successfully,Ocena dodana pomyślnie,
Assessments,Oceny,
Assign a Badge,Przyznaj odznakę,
Assigned For,Przypisano do,
Assign For,Przypisz dla,
Assignment,Zadanie,
Assignment created successfully,Zadanie utworzone pomyślnie,
Assignment Progress,Postęp zadania,
Assignments,Zadania,
Assignments deleted successfully,Zadania usunięte pomyślnie,
Assignment Submission,Zgłoszenie zadania,
Assignment Submissions,Zgłoszenia zadań,
Assignment submitted successfully,Zadanie przesłane pomyślnie,
Assignment updated successfully,Zadanie zaktualizowane pomyślnie,
Assign To,Przypisz do,
at {0} minutes,o {0} minutach,
Attempted Questions,Pytania podjęte,
Attendance for Class - {0},Obecność na zajęciach — {0},
Attended for,Uczestniczono przez,
Authorize Google Calendar Access,Autoryzuj dostęp do Kalendarza Google,
Auto Recording,Automatyczne nagrywanie,
Availability updated successfully,Dostępność zaktualizowana pomyślnie,
Available Slots,Dostępne sloty,
Average Completion Rate,Średni wskaźnik ukończenia,
Average Feedback Received,Średnia otrzymanych opinii,
Average Progress %,Średni postęp %,
Average Rating,Średnia ocena,
Average Watch Time (mins),Średni czas oglądania (min),
Back to Course,Powrót do kursu,
Badge,Odznaka,
Badge assignment created successfully,Przypisanie odznaki utworzone pomyślnie,
Badge assignments deleted successfully,Przypisania odznak usunięte pomyślnie,
Badge assignment updated successfully,Przypisanie odznaki zaktualizowane pomyślnie,
Badge created successfully,Odznaka utworzona pomyślnie,
Badge deleted successfully,Odznaka usunięta pomyślnie,
Badge updated successfully,Odznaka zaktualizowana pomyślnie,
Base URL of the external system,Bazowy URL zewnętrznego systemu,
Batch,Grupa,
Batch created successfully,Grupa utworzona pomyślnie,
Batch deleted successfully,Grupa usunięta pomyślnie,
Batch Details,Szczegóły grupy,
Batch End Date,Data zakończenia grupy,
Batch Enrollment,Zapisanie do grupy,
Batch Enrollment Confirmation,Potwierdzenie zapisania do grupy,
Batches,Grupy,
Batch overview,Przegląd grupy,
Batch published,Grupa opublikowana,
Batch Start Date,Data rozpoczęcia grupy,
Batch Summary,Podsumowanie grupy,
Batch unpublished,Publikacja grupy cofnięta,
Batch updated successfully,Grupa zaktualizowana pomyślnie,
Billing Details,Dane rozliczeniowe,
Billing Name,Nazwa rozliczeniowa,
Bio,Biogram,
Book a free onboarding session with the Frappe team,Zarezerwuj bezpłatną sesję wdrożeniową z zespołem Frappe,
Brand Logo,Logo marki,
Brand Name,Nazwa marki,
Brand Settings,Ustawienia marki,
Build and manage courses chapters and lessons,Twórz kursy rozdziały i lekcje oraz zarządzaj nimi,
Business Owner / Team Lead,Właściciel firmy / lider zespołu,
Buy this course,Kup ten kurs,
Category,Kategoria,
Category added successfully,Kategoria dodana pomyślnie,
Category created successfully,Kategoria utworzona pomyślnie,
Category deleted successfully,Kategoria usunięta pomyślnie,
Category Name,Nazwa kategorii,
Category updated successfully,Kategoria zaktualizowana pomyślnie,
certificate,certyfikat,
Certificate of completion,Certyfikat ukończenia,
Certificate price,Cena certyfikatu,
certificates,certyfikaty,
Certificates,Certyfikaty,
Certificate saved successfully,Certyfikat zapisany pomyślnie,
Certificates generated successfully,Certyfikaty wygenerowane pomyślnie,
Certification,Certyfikacja,
Certified,Certyfikowany,
Certified Members,Certyfikowani uczestnicy,
Change,Zmień,
Changes saved successfully,Zmiany zapisane pomyślnie,
Chapter added successfully,Rozdział dodany pomyślnie,
Chapter deleted successfully,Rozdział usunięty pomyślnie,
Chapter moved successfully,Rozdział przeniesiony pomyślnie,
Chapters,Rozdziały,
Chapter updated successfully,Rozdział zaktualizowany pomyślnie,
Charge a fee for batch enrollment.,Pobieraj opłatę za zapisanie do grupy.,
Charge learners to enroll in this course.,Pobieraj opłatę od uczących się za zapisanie do kursu.,
Check,Sprawdź,
Check All Submissions,Sprawdź wszystkie zgłoszenia,
Checkout Courses,Przejrzyj kursy,
Check Submission,Sprawdź zgłoszenie,
Check Submissions,Sprawdź zgłoszenia,
Choose all answers that apply,Wybierz wszystkie pasujące odpowiedzi,
Choose an existing question,Wybierz istniejące pytanie,
Choose an icon,Wybierz ikonę,
Choose a payment provider to configure its credentials.,Wybierz dostawcę płatności aby skonfigurować jego dane.,
Choose one answer,Wybierz jedną odpowiedź,
City,Miasto,
Clear,Wyczyść,
Click here,Kliknij tutaj,
Click to upload an image.,Kliknij aby przesłać obraz.,
Client ID,ID klienta,
Client Secret,Sekret klienta,
Closed,Zamknięte,
Close preview,Zamknij podgląd,
Code,Kod,
Collapse,Zwiń,
Color,Kolor,
Comma separated keywords,Słowa kluczowe oddzielone przecinkami,
Comma separated keywords for SEO,Słowa kluczowe SEO oddzielone przecinkami,
Comments,Komentarze,
Comments by Evaluator,Komentarze oceniającego,
Community,Społeczność,
Community Manager,Menedżer społeczności,
Company Details,Dane firmy,
Company Email Address,Adres e-mail firmy,
Company Logo,Logo firmy,
Company Name,Nazwa firmy,
Company Prefix,Prefiks firmy,
Company Website,Strona internetowa firmy,
Comparison,Porównanie,
Compiler Message,Komunikat kompilatora,
Complete,Ukończ,
completed,ukończono,
Completed,Ukończone,
Complete your profile,Uzupełnij swój profil,
Completion certificate,Certyfikat ukończenia,
Completion Rate,Wskaźnik ukończenia,
Condition,Warunek,
Conferencing,Wideokonferencje,
Conferencing Provider,Dostawca wideokonferencji,
Configuration,Konfiguracja,
Configure an external Frappe/ERPNext system where lab environments will be provisioned.,Skonfiguruj zewnętrzny system Frappe/ERPNext do obsługi środowisk laboratoryjnych.,
Configure the credentials and options for this payment gateway.,Skonfiguruj dane uwierzytelniające i opcje tej bramki płatniczej.,
Configure your Brand Name Logo and Favicon,Skonfiguruj nazwę marki logo i favicon,
Confirm,Potwierdź,
Confirm Cancellation?,Potwierdzić anulowanie?,
Confirm clearing demo data?,Potwierdzić wyczyszczenie danych demonstracyjnych?,
Confirm Enrollment,Potwierdź zapisanie,
Confirm Your Action,Potwierdź działanie,
Confirm your action to delete,Potwierdź usunięcie,
Connect a Google Meet account to schedule and host live classes.,Połącz konto Google Meet aby planować i prowadzić zajęcia na żywo.,
Connect a Zoom account to schedule and host live classes.,Połącz konto Zoom aby planować i prowadzić zajęcia na żywo.,
Connection,Połączenie,
Connection failed,Połączenie nie powiodło się,
Connection successful,Połączenie udane,
Contact the Administrator to enroll for this course,Skontaktuj się z administratorem aby zapisać się na kurs,
Contact the Administrator to enroll for this course.,Skontaktuj się z administratorem aby zapisać się na kurs.,
Contact Us,Skontaktuj się z nami,
Content,Treść,
Continue Learning,Kontynuuj naukę,
Contract,Umowa,
Correct,Poprawna,
Correct Answer,Poprawna odpowiedź,
Could not update publish status,Nie można zaktualizować statusu publikacji,
Country,Kraj,
Coupon Code,Kod kuponu,
Coupon created successfully,Kupon utworzony pomyślnie,
Coupon deleted successfully,Kupon usunięty pomyślnie,
Coupon Details,Szczegóły kuponu,
Coupon(s) deleted successfully,Kupony usunięte pomyślnie,
course,kurs,
Course,Kurs,
Course added to batch successfully,Kurs dodany do grupy pomyślnie,
Course added to program successfully,Kurs dodany do programu pomyślnie,
Course already added to program,Kurs już dodany do programu,
Course Completions,Ukończenia kursu,
Course content,Zawartość kursu,
Course Content coming soon!,Zawartość kursu wkrótce!,
Course created successfully,Kurs utworzony pomyślnie,
Course creator,Twórca kursu,
Course Creator,Twórca kursu,
Course deleted successfully,Kurs usunięty pomyślnie,
Course description,Opis kursu,
Course Description,Opis kursu,
Course details,Szczegóły kursu,
Course editor,Edytor kursu,
Course Enrollment,Zapisanie na kurs,
Course Enrollments,Zapisy na kurs,
Course overview,Przegląd kursu,
Course price,Cena kursu,
Course Progress,Postęp kursu,
Course published,Kurs opublikowany,
course rating,ocena kursu,
courses,kursy,
Courses,Kursy,
Courses Created,Utworzone kursy,
Courses deleted successfully,Kursy usunięte pomyślnie,
Courses in this Program,Kursy w tym programie,
Course thumbnail,Miniatura kursu,
Course unpublished,Publikacja kursu cofnięta,
Course updated successfully,Kurs zaktualizowany pomyślnie,
Create,Utwórz,
Create a batch,Utwórz grupę,
Create a course,Utwórz kurs,
Create a Lab,Utwórz laboratorium,
Create a live class,Utwórz zajęcia na żywo,
Create a Live Class,Utwórz zajęcia na żywo,
Create an Assignment,Utwórz zadanie,
Create and manage reusable email templates for your notifications.,Twórz wielokrotnego użytku szablony e-mail dla powiadomień.,
Create a new Badge,Utwórz nową odznakę,
Create a Quiz,Utwórz quiz,
Create chapter,Utwórz rozdział,
Create Course,Utwórz kurs,
Created,Utworzono,
Create New,Utwórz nowy,
Create new Lab,Utwórz nowe laboratorium,
Create Program,Utwórz program,
Create Programming Exercise,Utwórz ćwiczenie programistyczne,
Create your first batch,Utwórz swoją pierwszą grupę,
Create your first course,Utwórz swój pierwszy kurs,
Create your first quiz,Utwórz swój pierwszy quiz,
Creating a batch,Tworzenie grupy,
Creating a course,Tworzenie kursu,
Criterion Name,Nazwa kryterium,
Criterion name and DocType are required,Nazwa kryterium i DocType są wymagane,
Currency,Waluta,
Current Streak,Obecna passa,
Curriculum,Program nauczania,
Custom Certificate Templates,Własne szablony certyfikatów,
Dashboard,Panel główny,
Data Import,Import danych,
Date,Data,
Day,Dzień,
day ago,dzień temu,
days,dni,
days ago,dni temu,
day streak,dni z rzędu,
Deduct marks for incorrect answers.,Odejmuj punkty za błędne odpowiedzi.,
Define a badge and the criteria for awarding it to learners.,Zdefiniuj odznakę i kryteria jej przyznawania uczącym się.,
Delete,Usuń,
Delete {0}?,Usunąć {0}?,
Delete Chapter,Usuń rozdział,
Delete Course,Usuń kurs,
Delete Program,Usuń program,
Delete this chapter?,Usunąć ten rozdział?,
Delete this coupon?,Usunąć ten kupon?,
Delete this lesson?,Usunąć tę lekcję?,
Delete user,Usuń użytkownika,
Demo data cleared successfully,Dane demonstracyjne wyczyszczone pomyślnie,
"Describe what the student should do.\nUse +[Copy label](value) to add inline copyable values.","Opisz co student powinien zrobić.\nUżyj +[Etykieta](wartość) aby dodać kopiowalne wartości.",
Description,Opis,
Desk,Pulpit,
Details,Szczegóły,
Details cannot be empty.,Szczegóły nie mogą być puste.,
Device,Urządzenie,
Disabled,Wyłączone,
Discard,Odrzuć,
Discount,Zniżka,
Discount Amount,Kwota zniżki,
Discount Percentage,Procent zniżki,
Discount Type,Typ zniżki,
Discussions,Dyskusje,
Display correct answers after each question is attempted.,Wyświetlaj poprawne odpowiedzi po każdym pytaniu.,
Displayed on the course page. Supports Markdown formatting.,Wyświetlane na stronie kursu. Obsługuje formatowanie Markdown.,
DocType to Check,DocType do sprawdzenia,
Document Name,Nazwa dokumentu,
Document Type,Typ dokumentu,
Drag and drop a ZIP file or upload from your,Przeciągnij i upuść plik ZIP lub prześlij z,
Duration (in minutes),Czas trwania (w minutach),
Each user can only receive this badge one time.,Każdy użytkownik może otrzymać tę odznakę tylko raz.,
Edit,Edytuj,
Edit Assignment,Edytuj zadanie,
Edit Badge,Edytuj odznakę,
Edit Badge Assignment,Edytuj przypisanie odznaki,
Edit Chapter,Edytuj rozdział,
Edit Coupon,Edytuj kupon,
Edit Criterion,Edytuj kryterium,
Edit Email Template,Edytuj szablon e-mail,
Edit Google Meet Account,Edytuj konto Google Meet,
Edit Lab,Edytuj laboratorium,
Edit Lab Connection,Edytuj połączenie z laboratorium,
Edit lesson,Edytuj lekcję,
Edit member,Edytuj uczestnika,
Edit Member,Edytuj uczestnika,
Edit Payment Gateway,Edytuj bramkę płatniczą,
Edit Profile,Edytuj profil,
Edit Program,Edytuj program,
Edit Programming Exercise,Edytuj ćwiczenie programistyczne,
Edit Question,Edytuj pytanie,
Edit Step,Edytuj krok,
Edit Zoom Account,Edytuj konto Zoom,
e.g. Course Champion,np. Mistrz kursu,
e.g. https://www.youtube.com/video,np. https://www.youtube.com/video,
e.g. Sales Invoice,np. Faktura sprzedaży,
e.g. Sales User Accounts User,np. Użytkownik sprzedaży Użytkownik kont,
e.g. WELCOME10,np. WITAMY10,
Email,E-mail,
Email ID,Adres e-mail,
Email is required,E-mail jest wymagany,
Email sent successfully,E-mail wysłany pomyślnie,
Email Template created successfully,Szablon e-mail utworzony pomyślnie,
Email Templates deleted successfully,Szablony e-mail usunięte pomyślnie,
Email Template updated successfully,Szablon e-mail zaktualizowany pomyślnie,
Embed (preview video),Osadź (podgląd wideo),
Enabled,Włączone,
Enable evaluations for batch participants.,Włącz oceny dla uczestników grupy.,
Enable Negative Marking,Włącz punkty ujemne,
Enable this connection for lab provisioning.,Włącz to połączenie do obsługi laboratoriów.,
End Date,Data zakończenia,
Ended,Zakończone,
End Time,Czas zakończenia,
Enforce Course Order,Wymuś kolejność kursu,
Enroll,Zapisz się,
Enroll a Student,Zapisz studenta,
enrolled,zapisany,
Enrolled,Zapisani,
Enrolled On,Zapisano,
Enrolled Students,Zapisani studenci,
Enroll for Free,Zapisz się bezpłatnie,
Enroll Member to Program,Zapisz uczestnika do programu,
Enrollment & Certification,Zapisy i certyfikacja,
Enrollment Confirmation Email Template,Szablon e-mail potwierdzenia zapisu,
Enrollment for Program {0},Zapis do programu {0},
Enrollments,Zapisy,
Enroll Now,Zapisz się teraz,
Enter a Coupon Code,Wprowadź kod kuponu,
Enter a URL,Wprowadź URL,
Enter Brand Name,Wprowadź nazwę marki,
Enter email subject,Wprowadź temat e-mail,
Enter reply to email,Wprowadź adres odpowiedzi,
Error creating badge,Błąd tworzenia odznaki,
Error creating batch,Błąd tworzenia grupy,
Error creating email template,Błąd tworzenia szablonu e-mail,
Error creating Google Meet Account,Błąd tworzenia konta Google Meet,
Error creating lab,Błąd tworzenia laboratorium,
Error creating lab connection,Błąd tworzenia połączenia z laboratorium,
Error creating Zoom Account,Błąd tworzenia konta Zoom,
Error deleting badge,Błąd usuwania odznaki,
Error deleting email templates,Błąd usuwania szablonów e-mail,
Error deleting Google Meet Account,Błąd usuwania konta Google Meet,
Error deleting payment gateways,Błąd usuwania bramek płatniczych,
Error saving lab,Błąd zapisywania laboratorium,
Error updating email template,Błąd aktualizacji szablonu e-mail,
Error updating Google Meet Account,Błąd aktualizacji konta Google Meet,
Error updating lab connection,Błąd aktualizacji połączenia z laboratorium,
Error updating Zoom Account,Błąd aktualizacji konta Zoom,
Error uploading file,Błąd przesyłania pliku,
Error Uploading File,Błąd przesyłania pliku,
evaluation,ocena,
Evaluation,Ocena,
Evaluation cancelled successfully,Ocena anulowana pomyślnie,
Evaluation Criteria,Kryteria oceny,
Evaluation End Date,Data zakończenia oceny,
Evaluation failed,Ocena nie powiodła się,
evaluations,oceny,
Evaluation saved successfully,Ocena zapisana pomyślnie,
Evaluator,Oceniający,
Event,Wydarzenie,
Exercise,Ćwiczenie,
Exercise deleted successfully,Ćwiczenie usunięte pomyślnie,
Expand,Rozwiń,
Expected Output,Oczekiwany wynik,
Expected Value,Oczekiwana wartość,
Expires On,Wygasa,
Expiry Date,Data wygaśnięcia,
Explanation,Wyjaśnienie,
Export,Eksportuj,
Export failed,Eksport nie powiódł się,
Fail,Niezaliczony,
Failed,Nie powiodło się,
Failed to create badge assignment: ,Nie udało się utworzyć przypisania odznaki: ,
Failed to enroll in program: {0},Nie udało się zapisać do programu: {0},
Failed to refresh session,Nie udało się odświeżyć sesji,
Failed to send email,Nie udało się wysłać e-maila,
Failed to submit. Please try again. {0},Nie udało się przesłać. Spróbuj ponownie. {0},
Failed to update badge assignment: ,Nie udało się zaktualizować przypisania odznaki: ,
Failed to update meta tags {0},Nie udało się zaktualizować meta tagów {0},
Favicon,Favicon,
Featured,Wyróżnione,
Feedback,Opinia,
Feel free to make edits to your submission if needed.,W razie potrzeby możesz edytować swoje zgłoszenie.,
Field to Check,Pole do sprawdzenia,
File upload failed. Please try again.,Przesyłanie pliku nie powiodło się. Spróbuj ponownie.,
Fill in URL API Key and API Secret first,Najpierw wypełnij URL klucz API i sekret API,
Filter assignments by course,Filtruj zadania według kursu,
Filter by Billing Name,Filtruj według nazwy rozliczeniowej,
Filter by Exercise,Filtruj według ćwiczenia,
Filter by Member,Filtruj według uczestnika,
Filter by Status,Filtruj według statusu,
Filters (JSON array),Filtry (tablica JSON),
First Name,Imię,
Free,Bezpłatny,
Freelance,Freelancer,
Freelancer / Consultant,Freelancer / konsultant,
From,Od,
Full Name,Pełne imię i nazwisko,
Full Time,Pełny etat,
Gateway,Bramka,
Generate Certificates,Generuj certyfikaty,
Generated company name,Wygenerowana nazwa firmy,
Generated company name for this student,Wygenerowana nazwa firmy dla tego studenta,
Get Certificate,Pobierz certyfikat,
Get Certified,Uzyskaj certyfikat,
GitHub ID,ID GitHub,
Go back,Wróć,
Google Calendar,Kalendarz Google,
Google Meet,Google Meet,
Google Meet Account,Konto Google Meet,
Google Meet Account created successfully,Konto Google Meet utworzone pomyślnie,
Google Meet Account deleted successfully,Konto Google Meet usunięte pomyślnie,
Google Meet Account updated successfully,Konto Google Meet zaktualizowane pomyślnie,
Grade,Ocena,
Grading,Ocenianie,
Grant Only Once,Przyznaj tylko raz,
GST Amount,Kwota VAT,
GSTIN,GSTIN,
GST Number,Numer VAT,
# Heading\n\nWrite lab description in **Markdown**…,# Nagłówek\n\nOpis laboratorium w **Markdown**…,
Headline,Nagłówek,
Help us improve by providing your feedback.,Pomóż nam się poprawić — podziel się opinią.,
Help us understand your needs,Pomóż nam zrozumieć Twoje potrzeby,
Hey,Cześć,
Highlight,Wyróżnij,
Highlight on the homepage.,Wyróżnij na stronie głównej.,
Highlight what makes you unique and show your skills.,Podkreśl co wyróżnia Cię i pokaż swoje umiejętności.,
Hiring,Rekrutacja,
Home,Strona główna,
HR / L&D Professional,Specjalista HR / L&D,
Hybrid,Hybrydowy,
I am unavailable,Jestem niedostępny,
Icon,Ikona,
ID,ID,
Image search powered by,Wyszukiwanie obrazów obsługiwane przez,
Import,Importuj,
Import Batch,Importuj grupę,
Import Course from ZIP,Importuj kurs z ZIP,
Import via Data Import Tool,Importuj przez narzędzie importu danych,
Import via ZIP,Importuj przez ZIP,
Inactive,Nieaktywny,
Include in Preview,Uwzględnij w podglądzie,
Incorrect,Niepoprawna,
In Progress,W toku,
Input,Dane wejściowe,
Install,Zainstaluj,
Install Frappe Learning,Zainstaluj Frappe Learning,
Instructor,Instruktor,
Instructor Notes,Notatki instruktora,
Instructors,Instruktorzy,
in the last,w ciągu ostatnich,
Introduction,Wprowadzenie,
Invite your team and students,Zaproś swój zespół i studentów,
Issue a Certificate,Wystaw certyfikat,
Issue a free certificate when learners complete the course.,Wystaw bezpłatny certyfikat gdy uczący się ukończy kurs.,
Issue certificates to batch participants.,Wystaw certyfikaty uczestnikom grupy.,
Issue Date,Data wystawienia,
Issued on,Wystawiono,
Issued On,Wystawiono,
Item Type,Typ elementu,
Job,Praca,
Job Details,Szczegóły oferty pracy,
Jobs,Oferty pracy,
Join,Dołącz,
Join Call,Dołącz do rozmowy,
Joined at,Dołączono,
Join Meeting,Dołącz do spotkania,
Jump to,Przejdź do,
Keep going,Dalej tak trzymaj,
Lab,Laboratorium,
Lab Connection,Połączenie laboratorium,
Lab connection created,Połączenie laboratorium utworzone,
Lab connection deleted,Połączenie laboratorium usunięte,
Lab connection updated,Połączenie laboratorium zaktualizowane,
Lab created,Laboratorium utworzone,
Lab Description,Opis laboratorium,
Lab not found — it may have been deleted.,Laboratorium nie znalezione — mogło zostać usunięte.,
Lab Passed,Laboratorium zaliczone,
Labs,Laboratoria,
Lab saved,Laboratorium zapisane,
Labs deleted,Laboratoria usunięte,
Language,Język,
Last Name,Nazwisko,
Learning Consistency,Konsekwencja w nauce,
Learning Paths,Ścieżki nauki,
Leave empty to check record existence only,Zostaw puste aby sprawdzić tylko istnienie rekordu,
Left at,Opuszczono o,
lesson,lekcja,
Lesson,Lekcja,
Lesson Completion,Ukończenie lekcji,
Lesson created,Lekcja utworzona,
Lesson created successfully,Lekcja utworzona pomyślnie,
Lesson deleted successfully,Lekcja usunięta pomyślnie,
Lesson Index,Indeks lekcji,
Lesson moved successfully,Lekcja przeniesiona pomyślnie,
Lesson Progress,Postęp lekcji,
lessons,lekcje,
Lessons,Lekcje,
Lesson updated,Lekcja zaktualizowana,
Lesson updated successfully,Lekcja zaktualizowana pomyślnie,
Let users enroll themselves.,Pozwól użytkownikom zapisywać się samodzielnie.,
Limit Questions To,Ogranicz pytania do,
"Link an interactive lab to this lesson. Students will be able to provision a test environment and perform hands-on tasks that are evaluated automatically.","Połącz interaktywne laboratorium z tą lekcją. Studenci będą mogli uruchomić środowisko testowe i wykonać praktyczne zadania oceniane automatycznie.",
LinkedIn,LinkedIn,
LinkedIn ID,ID LinkedIn,
Live,Na żywo,
live class,zajęcia na żywo,
Live Class,Zajęcia na żywo,
live classes,zajęcia na żywo,
Load More,Załaduj więcej,
Location,Lokalizacja,
Login,Zaloguj się,
Login to apply,Zaloguj się aby aplikować,
Login to Frappe Cloud?,Zalogować się do Frappe Cloud?,
Longest Streak,Najdłuższa passa,
Looking for new work or hiring talent?,Szukasz pracy lub zatrudniasz?,
Make an Announcement,Wyślij ogłoszenie,
Make notes for quick revision. Press / for menu.,Rób notatki do szybkiej powtórki. Naciśnij / dla menu.,
Make this certificate visible to the participant.,Ustaw certyfikat jako widoczny dla uczestnika.,
Manage batches review and grade submissions,Zarządzaj grupami sprawdzaj i oceniaj zgłoszenia,
Manage your courses and batches at a glance,Zarządzaj kursami i grupami w jednym miejscu,
Mark,Oznacz,
Mark all as read,Oznacz wszystkie jako przeczytane,
Markdown,Markdown,
Mark for review,Oznacz do przeglądu,
Marks,Punkty,
Marks out of,Punkty z,
Marks to Deduct,Punkty do odjęcia,
Mark this option as a correct answer.,Zaznacz tę opcję jako poprawną odpowiedź.,
match,dopasowanie,
matches,dopasowania,
Max Attempts,Maksymalna liczba podejść,
Maximum Attempts,Maksymalna liczba podejść,
Medium,Średni,
member,uczestnik,
Member,Uczestnik,
Member added successfully,Uczestnik dodany pomyślnie,
Member added to program successfully,Uczestnik dodany do programu pomyślnie,
Member already added to program,Uczestnik już dodany do programu,
Member Consent,Zgoda uczestnika,
members,uczestnicy,
Members,Uczestnicy,
Member updated,Uczestnik zaktualizowany,
Message,Wiadomość,
Message is required,Wiadomość jest wymagana,
Meta description,Meta opis,
Meta Description,Meta opis,
Meta Image,Meta obraz,
Meta keywords,Meta słowa kluczowe,
Meta Keywords,Meta słowa kluczowe,
Meta Tags,Meta tagi,
minutes,minuty,
Moderator,Moderator,
Modified,Zmodyfikowano,
Monetization,Monetyzacja,
month ago,miesiąc temu,
months ago,miesięcy temu,
More,Więcej,
My availability,Moja dostępność,
My Batches,Moje grupy,
My calendar,Mój kalendarz,
My Courses,Moje kursy,
My Notes,Moje notatki,
My Profile,Mój profil,
Name,Nazwa,
Navigation,Nawigacja,
New,Nowy,
New {0},Nowy {0},
New Batch,Nowa grupa,
New Coupon,Nowy kupon,
New Course,Nowy kurs,
New Email Template,Nowy szablon e-mail,
New Google Meet Account,Nowe konto Google Meet,
New Job,Nowa oferta pracy,
New Lab Connection,Nowe połączenie laboratorium,
New lesson,Nowa lekcja,
New Payment Gateway,Nowa bramka płatnicza,
New Question,Nowe pytanie,
New Zoom Account,Nowe konto Zoom,
Next,Następny,
No {0} Found,Nie znaleziono {0},
No announcements have been made yet for this batch,Brak ogłoszeń dla tej grupy,
No assessments added to this batch,Brak ocen w tej grupie,
No Assignments,Brak zadań,
No changes to save,Brak zmian do zapisania,
No chapters yet,Brak rozdziałów,
No coupons selected for deletion,Nie wybrano kuponów do usunięcia,
No courses added to this batch,Brak kursów w tej grupie,
No courses added yet.,Nie dodano jeszcze kursów.,
No courses created,Nie utworzono kursów,
No evaluation criteria added yet.,Nie dodano jeszcze kryteriów oceny.,
No feedback received yet.,Nie otrzymano jeszcze opinii.,
No introduction,Brak wprowadzenia,
No live classes scheduled,Brak zaplanowanych zajęć na żywo,
No members added yet.,Nie dodano jeszcze uczestników.,
No members found.,Nie znaleziono uczestników.,
No programs found in this category.,Nie znaleziono programów w tej kategorii.,
No questions added yet,Nie dodano jeszcze pytań,
No Quiz submissions found,Nie znaleziono zgłoszeń quizu,
No quizzes added yet.,Nie dodano jeszcze quizów.,
No read notifications,Brak przeczytanych powiadomień,
No results found,Nie znaleziono wyników,
No roles configured — will use System Manager.,Brak skonfigurowanych ról — zostanie użyty System Manager.,
No slots available for the selected course.,Brak dostępnych slotów dla wybranego kursu.,
No statistics available for this video.,Brak statystyk dla tego wideo.,
No steps added yet.,Nie dodano jeszcze kroków.,
No students in this batch,Brak studentów w tej grupie,
No submissions,Brak zgłoszeń,
No Submissions,Brak zgłoszeń,
Notes,Notatki,
Nothing to preview yet…,Brak podglądu…,
No thumbnail,Brak miniatury,
Notifications you have read will appear here.,Tutaj pojawią się przeczytane powiadomienia.,
Not Permitted,Brak uprawnień,
Not Saved,Nie zapisano,
Not yet open for enrollment.,Zapisy jeszcze nie są otwarte.,
No unread notifications,Brak nieprzeczytanych powiadomień,
Number of seats available,Liczba dostępnych miejsc,
Number of Students,Liczba studentów,
of,z,
Offline,Offline,
Onboarding and educating my users/community,Wdrażanie i edukacja moich użytkowników/społeczności,
On demand course video,Wideo kursu na żądanie,
Online,Online,
Only {0} file is allowed.,Dozwolony jest tylko {0} plik.,
Only document file of type .doc or .docx are allowed.,Dozwolone są tylko dokumenty .doc lub .docx.,
Only PDF files are allowed.,Dozwolone są tylko pliki PDF.,
Only show assignments from the current course,Pokaż tylko zadania z bieżącego kursu,
Only show batches that offer a certificate,Pokaż tylko grupy oferujące certyfikat,
Only show courses that offer a certificate,Pokaż tylko kursy oferujące certyfikat,
Only zip files are allowed,Dozwolone są tylko pliki ZIP,
Only ZIP files are allowed.,Dozwolone są tylko pliki ZIP.,
On site,Na miejscu,
On-site,Na miejscu,
Open,Otwórz,
Open the ,Otwórz ,
Open to,Otwarty na,
Open to Work,Otwarty na pracę,
Option,Opcja,
(optional — opens a pre-filled form in the lab system window),(opcjonalne — otwiera wypełniony formularz w oknie systemu laboratoryjnego),
Options,Opcje,
Order ID,ID zamówienia,
Original Amount,Kwota oryginalna,
Other,Inne,
others,inni,
Our Popular Courses,Nasze popularne kursy,
Our Upcoming Batches,Nadchodzące grupy,
Oversee all users content and system settings,Zarządzaj wszystkimi użytkownikami treścią i ustawieniami systemu,
Overview,Przegląd,
Owner,Właściciel,
Page deleted successfully,Strona usunięta pomyślnie,
Paid Batch,Płatna grupa,
Paid certificate,Płatny certyfikat,
Paid course,Płatny kurs,
PAN,PAN,
PAN Number,Numer PAN,
Params (JSON),Parametry (JSON),
Part Time,Część etatu,
Passed,Zaliczone,
Passing,Próg zaliczenia,
Passing %,Próg zaliczenia %,
Passing Percentage,Próg zaliczenia,
Path,Ścieżka,
Payment,Płatność,
Payment Details,Szczegóły płatności,
Payment for ,Płatność za ,
Payment for Certificate,Płatność za certyfikat,
Payment For Certificate,Płatność za certyfikat,
Payment For Document,Płatność za dokument,
Payment For Document Type,Płatność za typ dokumentu,
Payment gateways deleted successfully,Bramki płatnicze usunięte pomyślnie,
Payment ID,ID płatności,
Payment Received,Płatność otrzymana,
Pending,Oczekujące,
People,Osoby,
Percentage,Procent,
Phone Number,Numer telefonu,
Please complete the previous course to unlock this one.,Ukończ poprzedni kurs aby odblokować ten.,
Please enroll for this course to view this lesson,Zapisz się na kurs aby zobaczyć tę lekcję,
Please enter a coupon code,Wprowadź kod kuponu,
Please enter a title.,Wprowadź tytuł.,
Please enter a valid time in the format HH:mm.,Wprowadź poprawną godzinę w formacie HH:mm.,
Please enter a valid timestamp,Wprowadź poprawną sygnaturę czasową,
Please fill the mandatory fields: {0},Wypełnij obowiązkowe pola: {0},
Please let us know where you heard about us from.,Powiedz nam skąd dowiedziałeś się o nas.,
Please login to access the quiz.,Zaloguj się aby przystąpić do quizu.,
Please make sure to schedule your evaluation before this date.,Zaplanuj ocenę przed tą datą.,
Please provide an answer or upload a file before submitting.,Podaj odpowiedź lub prześlij plik przed wysłaniem.,
Please provide your consent to proceed with the payment,Wyraź zgodę aby przejść do płatności,
Please provide your consent to proceed with the payment.,Wyraź zgodę aby przejść do płatności.,
Please run the code to execute the test cases.,Uruchom kod aby wykonać przypadki testowe.,
Please select a course,Wybierz kurs,
Please select a course to view available slots.,Wybierz kurs aby zobaczyć dostępne sloty.,
Please select a date.,Wybierz datę.,
Please select a duration.,Wybierz czas trwania.,
Please select a future date and time.,Wybierz przyszłą datę i godzinę.,
Please select a member,Wybierz uczestnika,
Please select an option,Wybierz opcję,
Please select a payment for the purchased certificate.,Wybierz płatność za zakupiony certyfikat.,
Please select a quiz,Wybierz quiz,
Please select a slot for your evaluation.,Wybierz slot dla swojej oceny.,
Please select a student to enroll.,Wybierz studenta do zapisania.,
Please select a time.,Wybierz godzinę.,
Please select a timezone.,Wybierz strefę czasową.,
Please upload a SCORM package,Prześlij pakiet SCORM,
Points,Punkty,
Possibilities,Możliwości,
Possibility,Możliwość,
Post,Opublikuj,
Postal Code,Kod pocztowy,
Powered by Frappe Learning,Obsługiwane przez Frappe Learning,
Prefix used for generated company names,Prefiks używany dla generowanych nazw firm,
Press enter to search,Naciśnij Enter aby wyszukać,
Preview,Podgląd,
Preview Video,Podgląd wideo,
Previous,Poprzedni,
Pricing and certification,Ceny i certyfikacja,
Problem Statement,Treść zadania,
Proceed to Payment,Przejdź do płatności,
Profile Image,Zdjęcie profilowe,
Program,Program,
Program created successfully,Program utworzony pomyślnie,
Program deleted successfully,Program usunięty pomyślnie,
Program Member,Uczestnik programu,
Programming Exercise,Ćwiczenie programistyczne,
Programming Exercise created successfully,Ćwiczenie programistyczne utworzone pomyślnie,
Programming Exercise deleted successfully,Ćwiczenie programistyczne usunięte pomyślnie,
Programming Exercise Progress,Postęp ćwiczenia programistycznego,
Programming Exercises,Ćwiczenia programistyczne,
Programming Exercise Submission,Zgłoszenie ćwiczenia,
Programming Exercise Submissions,Zgłoszenia ćwiczeń,
Programming Exercise updated successfully,Ćwiczenie programistyczne zaktualizowane pomyślnie,
Programs,Programy,
Program updated successfully,Program zaktualizowany pomyślnie,
Progress (%),Postęp (%),
Progress Distribution,Rozkład postępu,
Progress of students in courses and assessments,Postęp studentów w kursach i ocenach,
Progress Summary,Podsumowanie postępu,
Progress Summary for {0},Podsumowanie postępu dla {0},
Publish,Opublikuj,
Published,Opublikowane,
Published Courses,Opublikowane kursy,
Purchased Certificate,Zakupiony certyfikat,
Question,Pytanie,
Question {0},Pytanie {0},
Question added successfully,Pytanie dodane pomyślnie,
question_detail,szczegóły_pytania,
Questions,Pytania,
Questions deleted successfully,Pytania usunięte pomyślnie,
Questions marked for review,Pytania oznaczone do przeglądu,
Question updated successfully,Pytanie zaktualizowane pomyślnie,
Quiz,Quiz,
Quiz created successfully,Quiz utworzony pomyślnie,
Quiz Progress,Postęp quizu,
Quiz Submission,Zgłoszenie quizu,
Quiz Submissions,Zgłoszenia quizu,
Quiz Summary,Podsumowanie quizu,
Quiz topic,Temat quizu,
Quiz topics,Tematy quizu,
Quiz updated successfully,Quiz zaktualizowany pomyślnie,
Quizzes,Quizy,
Quizzes deleted successfully,Quizy usunięte pomyślnie,
Quizzes in this video,Quizy w tym wideo,
Randomize the order of questions for each attempt.,Losuj kolejność pytań dla każdego podejścia.,
rating,ocena,
Rating,Ocena,
Redemption Count,Liczba realizacji,
Redemptions Count,Liczba realizacji,
Register Now,Zarejestruj się teraz,
Related Courses,Powiązane kursy,
Remote,Zdalny,
Remove,Usuń,
Remove Highlight,Usuń wyróżnienie,
Remove row,Usuń wiersz,
Remove the image to pick a color instead.,Usuń obraz aby wybrać kolor.,
Replace,Zastąp,
Reply cannot be empty.,Odpowiedź nie może być pusta.,
Reply To,Odpowiedź do,
Reply To is required,Pole „Odpowiedź do" jest wymagane,
Required for Equals/Contains/Greater/Less comparisons,Wymagane dla porównań Równa się/Zawiera/Większe/Mniejsze,
Resume Video,Wznów wideo,
Resume where you left off,Wznów od miejsca gdzie skończyłeś,
Review,Recenzja,
Review and update the details of this payment.,Przejrzyj i zaktualizuj szczegóły tej płatności.,
Roles,Role,
Roles assigned to the student on the external system. Defaults to System Manager.,Role przypisane studentowi w zewnętrznym systemie. Domyślnie: System Manager.,
Role updated successfully,Rola zaktualizowana pomyślnie,
Run,Uruchom,
Running,Uruchamianie,
Save,Zapisz,
saving...,zapisywanie...,
Schedule,Harmonogram,
Schedule an evaluation to get certified.,Zaplanuj ocenę aby uzyskać certyfikat.,
Schedule your evaluation,Zaplanuj swoją ocenę,
School / University Admin,Administrator szkoły/uczelni,
Score,Wynik,
SCORM Package,Pakiet SCORM,
Search,Szukaj,
Search...,Szukaj...,
Search by Member,Szukaj według uczestnika,
Search by name,Szukaj według nazwy,
Search by Name,Szukaj według nazwy,
Search by Title,Szukaj według tytułu,
Search for ,Szukaj ,
Search for an icon,Szukaj ikony,
Seat Count,Liczba miejsc,
Seat Left,Pozostałe miejsce,
Seats Left,Pozostałe miejsca,
section,sekcja,
sections,sekcje,
See all,Zobacz wszystkie,
See less,Pokaż mniej,
See more,Pokaż więcej,
Select a lesson on the right to start editing.,Wybierz lekcję po prawej stronie aby rozpocząć edycję.,
Select an Assignment,Wybierz zadanie,
Select a Programming Exercise,Wybierz ćwiczenie programistyczne,
Select a question,Wybierz pytanie,
Select a quiz,Wybierz quiz,
Select category,Wybierz kategorię,
Select currency,Wybierz walutę,
Select Date,Wybierz datę,
Select evaluator,Wybierz oceniającego,
Select from questions you have already created,Wybierz z już utworzonych pytań,
Select instructors,Wybierz instruktorów,
Select Payment Gateway,Wybierz bramkę płatniczą,
Select related courses,Wybierz powiązane kursy,
Select timezone,Wybierz strefę czasową,
Self enrollment,Samodzielny zapis,
Selling courses and earning income,Sprzedaż kursów i zarabianie,
Send,Wyślij,
Send Email,Wyślij e-mail,
Send Email to {0},Wyślij e-mail do {0},
Session,Sesja,
Session Duration (minutes),Czas trwania sesji (minuty),
Session End Time,Czas zakończenia sesji,
Session (min),Sesja (min),
Session refreshed successfully,Sesja odświeżona pomyślnie,
Session Start Time,Czas rozpoczęcia sesji,
Set Color,Ustaw kolor,
Set the name of your brand. Appears in the left sidebar.,Ustaw nazwę marki. Pojawia się w lewym pasku bocznym.,
Settings,Ustawienia,
Setting up,Konfigurowanie,
Setting up payment gateway,Konfigurowanie bramki płatniczej,
Share on,Udostępnij na,
Short description,Krótki opis,
Short Description,Krótki opis,
Short description of the batch,Krótki opis grupy,
Short introduction,Krótkie wprowadzenie,
Show Answers,Pokaż odpowiedzi,
Show Submission History,Pokaż historię zgłoszeń,
Shuffle Questions,Losuj pytania,
Skip,Pomiń,
Slot added successfully,Slot dodany pomyślnie,
Slot deleted successfully,Slot usunięty pomyślnie,
Slots,Sloty,
Software Developer,Programista,
Sold Out,Wyprzedane,
Sort by,Sortuj według,
Source,Źródło,
Standard Frappe filter format. Placeholders above are replaced at evaluation time.,Standardowy format filtrów Frappe. Placeholdery są zastępowane w czasie oceny.,
Start,Start,
Start Date,Data rozpoczęcia,
Start Learning,Rozpocznij naukę,
Start the Quiz,Rozpocznij quiz,
Start Time,Czas rozpoczęcia,
State/Province,Województwo/Stan,
Statistics,Statystyki,
Status,Status,
Status/Percentage,Status/Procent,
Step — numbered task with checkbox,Krok — ponumerowane zadanie z polem wyboru,
Steps,Kroki,
Step title is required,Tytuł kroku jest wymagany,
Student,Student,
Student Details,Szczegóły studenta,
Student enrolled successfully,Student zapisany pomyślnie,
Student Progress,Postęp studenta,
students,studenci,
Students,Studenci,
Student's login,Login studenta,
Student's login on the external system,Login studenta w zewnętrznym systemie,
Student's password on the external system,Hasło studenta w zewnętrznym systemie,
Subject,Temat,
Subject is required,Temat jest wymagany,
Submission,Zgłoszenie,
Submission by,Zgłoszenie przez,
Submissions,Zgłoszenia,
Submission saved!,Zgłoszenie zapisane!,
Submissions deleted successfully,Zgłoszenia usunięte pomyślnie,
Submission Type,Typ zgłoszenia,
Submit,Prześlij,
Submit and Continue,Prześlij i kontynuuj,
Submit Feedback,Prześlij opinię,
Successfully enrolled in program,Pomyślnie zapisano do programu,
Summary,Podsumowanie,
Supports YouTube and Vimeo.,Obsługuje YouTube i Vimeo.,
SVG contains potentially unsafe content.,SVG zawiera potencjalnie niebezpieczną treść.,
Swatches,Próbki kolorów,
System Name,Nazwa systemu,
System URL,URL systemu,
Tags,Tagi,
Tap,Dotknij,
Taught by,Prowadzony przez,
Taught by a team of {0},Prowadzony przez zespół {0} osób,
Teaching students in a school/university,Nauczanie studentów w szkole/uczelni,
Template,Szablon,
Test {0},Test {0},
Test Cases,Przypadki testowe,
Test Connection,Testuj połączenie,
Test Quiz,Testuj quiz,
Test this Exercise,Przetestuj ćwiczenie,
text,tekst,
Text — free text / section header,Tekst — wolny tekst / nagłówek sekcji,
Thank you for providing your feedback.,Dziękujemy za podzielenie się opinią.,
The last day to schedule your evaluations is ,Ostatni dzień na zaplanowanie oceny: ,
There are no submissions for this assignment.,Brak zgłoszeń dla tego zadania.,
This badge has not been assigned to any students yet,Ta odznaka nie została jeszcze przypisana żadnemu studentowi,
This class has ended,Te zajęcia się zakończyły,
This course includes:,Ten kurs zawiera:,
This lesson is locked,Ta lekcja jest zablokowana,
This program consists of {0} courses,Ten program składa się z {0} kursów,
This quiz consists of {0} questions.,Ten quiz składa się z {0} pytań.,
This video contains {0} {1}:,To wideo zawiera {0} {1}:,
Time,Czas,
Time for a Quiz,Czas na quiz,
Time in Video,Czas w wideo,
Time in video exceeds the total duration of the video.,Czas w wideo przekracza całkowity czas trwania.,
Time in Video (minutes),Czas w wideo (minuty),
Timezone,Strefa czasowa,
Title,Tytuł,
Title cannot be empty.,Tytuł nie może być pusty.,
Title is required,Tytuł jest wymagany,
To,Do,
to close,aby zamknąć,
Today,Dzisiaj,
to embed a copyable chip.,aby osadzić kopiowany element.,
to navigate,aby nawigować,
to select,aby wybrać,
Total,Łącznie,
Total Marks,Łączna liczba punktów,
Total Questions,Łączna liczba pytań,
to view your feedback.,aby zobaczyć swoją opinię.,
Trainer / Instructor,Trener / instruktor,
Training employees in my company,Szkolenie pracowników w mojej firmie,
Training Feedback,Opinia ze szkolenia,
Transaction created successfully,Transakcja utworzona pomyślnie,
Transaction Details,Szczegóły transakcji,
Transaction updated successfully,Transakcja zaktualizowana pomyślnie,
Try again,Spróbuj ponownie,
Try Again,Spróbuj ponownie,
Twitter,Twitter,
Twitter ID,ID Twitter,
Type,Typ,
Type '/' for commands or select text to format,Naciśnij „/" aby wyświetlić komendy lub zaznacz tekst,
Type something,Wpisz coś,
Type your answer,Wpisz odpowiedź,
Unable to add member,Nie można dodać uczestnika,
Unable to create category,Nie można utworzyć kategorii,
Unable to update member,Nie można zaktualizować uczestnika,
Unattempted Questions,Pytania bez odpowiedzi,
Unavailability updated successfully,Niedostępność zaktualizowana pomyślnie,
(unnamed),(bez nazwy),
Unpublish,Cofnij publikację,
Unpublished,Nieopublikowane,
Unsplash,Unsplash,
(untitled),(bez tytułu),
Upcoming,Nadchodzące,
Upcoming Batches,Nadchodzące grupy,
Upcoming Evaluations,Nadchodzące oceny,
Upcoming Live Classes,Nadchodzące zajęcia na żywo,
Update,Aktualizuj,
Updated On,Zaktualizowano,
Upload,Prześlij,
Upload an image to replace the color.,Prześlij obraz aby zastąpić kolor.,
Upload Assignment,Prześlij zadanie,
Upload File,Prześlij plik,
Upload image instead,Zamiast tego prześlij obraz,
Uploading,Przesyłanie,
Uploading {0}%,Przesyłanie {0}%,
URL,URL,
Usage Limit,Limit użycia,
Use,Użyj,
Use HTML,Użyj HTML,
Use HTML content for the email response,Użyj treści HTML dla odpowiedzi e-mail,
User deleted,Użytkownik usunięty,
user rating,ocena użytkownika,
user ratings,oceny użytkowników,
User Roles,Role użytkownika,
Variables:,Zmienne:,
Video failed to load — you can still mark this lesson as viewed.,Nie udało się załadować wideo — możesz oznaczyć tę lekcję jako obejrzaną.,
Video Statistics,Statystyki wideo,
View all feedback,Zobacz wszystkie opinie,
View all reviews,Zobacz wszystkie recenzje,
View Applications,Zobacz zgłoszenia,
View Certificate,Zobacz certyfikat,
View Resume,Zobacz CV,
Visibility,Widoczność,
Visit Website,Odwiedź stronę,
Watch Time (mins),Czas oglądania (min),
Web Page,Strona internetowa,
Web page added to sidebar,Strona dodana do paska bocznego,
weeks,tygodnie,
What are Instructor Notes?,Czym są notatki instruktora?,
What best describes your role?,Co najlepiej opisuje Twoją rolę?,
What is this badge awarded for?,Za co przyznawana jest ta odznaka?,
What is your use case for Frappe Learning?,Jaki jest Twój cel korzystania z Frappe Learning?,
Where did you hear about us?,Skąd dowiedziałeś się o nas?,
Work Mode,Tryb pracy,
Write a Review,Napisz recenzję,
Write your answer here,Napisz tutaj swoją odpowiedź,
You are not permitted to access this page.,Nie masz uprawnień aby uzyskać dostęp do tej strony.,
 you are on a, jesteś na,
You can attempt this quiz {0}.,Możesz podjąć ten quiz {0}.,
You can do better,Możesz zrobić lepiej,
You cannot change the roles in read-only mode.,Nie możesz zmieniać ról w trybie tylko do odczytu.,
You can only upload {0} files,Możesz przesłać tylko {0} pliki,
You do not have permission to access this page.,Nie masz uprawnień aby uzyskać dostęp do tej strony.,
You have {0} {1} scheduled.,Masz zaplanowane {0} {1}.,
You have {0} upcoming {1}.,Masz {0} nadchodzących {1}.,
You have {0} upcoming {1} and {2} {3} scheduled.,Masz {0} nadchodzących {1} i {2} zaplanowanych {3}.,
You have applied,Złożono aplikację,
You have been enrolled in this batch,Zostałeś zapisany do tej grupy,
You have been enrolled in this course,Zostałeś zapisany na ten kurs,
You have not received any certificates yet.,Nie otrzymałeś jeszcze żadnych certyfikatów.,
You need to login first to enroll for this course,Musisz się zalogować aby zapisać się na kurs,
Your browser does not support the video tag.,Twoja przeglądarka nie obsługuje tagu wideo.,
Your calendar is set.,Twój kalendarz jest ustawiony.,
You're all caught up! Check back later for updates.,Jesteś na bieżąco! Sprawdź później czy są aktualizacje.,
Your enrollment in {{ batch_name }} is confirmed,Twój zapis do {{ batch_name }} jest potwierdzony,
You rock,Świetna robota,
Your Output,Twój wynik,
You've successfully submitted the assignment.,Zadanie zostało pomyślnie przesłane.,
You will have to complete the quiz to continue the video,Musisz ukończyć quiz aby kontynuować wideo,
Zen Mode,Tryb skupienia,
Zoom,Zoom,
Zoom Account,Konto Zoom,
Zoom Account created successfully,Konto Zoom utworzone pomyślnie,
Zoom account deleted successfully,Konto Zoom usunięte pomyślnie,
Zoom Account updated successfully,Konto Zoom zaktualizowane pomyślnie,
Lab,Laboratorium,
